序列,character,GBK,Unicode,华夏码编码,voice_code,1,2,3
,一,D2BB,4E00,,y,h,,
,丁,B6A1,4E01,,d,i,,
,丁,B6A1,4E01,,z,i,,
,丂,8140,4E02,,k,w,,
,丂,8140,4E02,,q,w,,
,丂,8140,4E02,,y,w,,
,七,C6DF,4E03,,q,f,,
,丄,8141,4E04,,s,i,,
,丅,8142,4E05,,x,i,,
,丆,8143,4E06,,m,o,,
,万,CDF2,4E07,,w,w,p,
,丈,D5C9,4E08,,z,o,d,d
,三,C8FD,4E09,,s,h,h,h
,上,C9CF,4E0A,,s,i,h,h
,下,CFC2,4E0B,,x,i,d,d
,丌,D8A2,4E0C,,q,o,i,i
,丌,D8A2,4E0C,,j,o,i,i
,不,B2BB,4E0D,,b,o,x,x
,不,B2BB,4E0D,,f,o,x,x
,与,D3EB,4E0E,,y,w,h,h
,丏,8144,4E0F,,m,i,z,z
,丐,D8A4,4E10,,g,i,w,w
,丑,B3F3,4E11,,c,l,h,h
,丒,8145,4E12,,c,d,a,a
,专,D7A8,4E13,,z,h,a,a
,且,C7D2,4E14,,q,q,,
,且,C7D2,4E14,,j,q,,
,丕,D8A7,4E15,,p,o,x,x
,世,CAC0,4E16,,s,c,w,w
,丗,8146,4E17,,s,c,i,i
,丘,C7F0,4E18,,q,o,g,g
,丙,B1FB,4E19,,b,h,l,l
,业,D2B5,4E1A,,y,i,v,v
,丛,B4D4,4E1B,,c,r,r,r
,东,B6AB,4E1C,,d,w,x,x
,丝,CBBF,4E1D,,s,u,u,u
,丞,D8A9,4E1E,,c,l,f,f
,丟,8147,4E1F,,d,h,t,t
,丠,8148,4E20,,q,i,f,f
,両,8149,4E21,,l,h,l,l
,丢,B6AA,4E22,,d,p,t,t
,丣,814A,4E23,,y,o,w,w
,两,C1BD,4E24,,l,h,l,l
,严,D1CF,4E25,,y,i,x,x
,並,814B,4E26,,b,v,i,i
,丧,C9A5,4E27,,s,i,v,v
,丨,D8AD,4E28,,g,i,,
,丩,814C,4E29,,j,l,,
,个,B8F6,4E2A,,g,r,i,i
,丫,D1BE,4E2B,,y,v,i,i
,丬,E3DC,4E2C,,p,d,i,i
,中,D6D0,4E2D,,z,k,i,i
,丮,814D,4E2E,,j,w,i,i
,丯,814E,4E2F,,j,p,o,o
,丰,B7E1,4E30,,f,h,i,i
,丱,814F,4E31,,g,f,i,i
,丱,814F,4E31,,k,f,i,i
,串,B4AE,4E32,,c,k,k,k
,丳,8150,4E33,,c,k,k,k
,临,C1D9,4E34,,l,i,o,o
,丵,8151,4E35,,z,i,v,v
,丶,D8BC,4E36,,z,d,,
,丷,8152,4E37,,b,v,,
,丸,CDE8,4E38,,w,f,d,d
,丹,B5A4,4E39,,d,f,a,a
,为,CEAA,4E3A,,w,d,l,l
,主,D6F7,4E3B,,z,d,w,w
,丼,8153,4E3C,,j,h,o,o
,丽,C0F6,4E3D,,l,h,l,l
,举,BED9,4E3E,,j,v,v,v
,丿,D8AF,4E3F,,p,p,,
,乀,8154,4E40,,f,z,,
,乁,8155,4E41,,y,z,,
,乁,8155,4E41,,j,z,,
,乂,8156,4E42,,y,v,,
,乃,C4CB,4E43,,n,f,,
,乄,8157,4E44,,w,a,,
,久,BEC3,4E45,,j,f,d,d
,乆,8158,4E46,,j,z,r,r
,乇,D8B1,4E47,,t,o,z,z
,乇,D8B1,4E47,,z,o,z,z
,么,C3B4,4E48,,m,f,d,d
,么,C3B4,4E48,,y,f,d,d
,义,D2E5,4E49,,y,v,d,d
,乊,8159,4E4A,,y,v,p,p
,之,D6AE,4E4B,,z,a,d,d
,乌,CEDA,4E4C,,w,n,,
,乍,D5A7,4E4D,,z,o,i,i
,乎,BAF5,4E4E,,h,p,v,v
,乏,B7A6,4E4F,,f,v,a,a
,乐,C0D6,4E50,,l,f,x,x
,乐,C0D6,4E50,,y,f,x,x
,乑,815A,4E51,,y,o,p,p
,乒,C6B9,4E52,,p,o,g,g
,乓,C5D2,4E53,,p,o,g,g
,乔,C7C7,4E54,,q,p,r,r
,乕,815B,4E55,,h,p,h,h
,乖,B9D4,4E56,,g,o,i,i
,乗,815C,4E57,,c,o,c,c
,乗,815C,4E57,,s,o,c,c
,乘,B3CB,4E58,,c,o,i,i
,乘,B3CB,4E58,,s,o,i,i
,乙,D2D2,4E59,,y,z,,
,乚,815D,4E5A,,h,z,,
,乚,815D,4E5A,,y,z,,
,乛,815E,4E5B,,y,z,,
,乜,D8BF,4E5C,,m,z,,
,乜,D8BF,4E5C,,n,z,,
,九,BEC5,4E5D,,j,f,,
,乞,C6F2,4E5E,,q,o,z,z
,也,D2B2,4E5F,,y,y,,
,习,CFB0,4E60,,x,z,d,d
,乡,CFE7,4E61,,x,u,p,p
,乢,815F,4E62,,g,s,z,z
,乣,8160,4E63,,j,u,z,z
,乤,8161,4E64,,x,i,a,a
,乥,8162,4E65,,h,v,f,f
,书,CAE9,4E66,,s,z,x,x
,乧,8163,4E67,,d,d,i,i
,乨,8164,4E68,,s,a,k,k
,乩,D8C0,4E69,,j,i,k,k
,乪,8165,4E6A,,n,z,l,l
,乫,8166,4E6B,,j,l,k,k
,乬,8167,4E6C,,j,h,e,e
,乭,8168,4E6D,,s,o,k,k
,乮,8169,4E6E,,m,f,e,e
,乯,816A,4E6F,,h,p,v,v
,买,C2F2,4E70,,m,a,d,d
,乱,C2D2,4E71,,l,o,i,i
,乲,816B,4E72,,c,d,f,f
,乳,C8E9,4E73,,r,p,v,v
,乴,816C,4E74,,x,t,j,j
,乵,816D,4E75,,y,a,v,v
,乶,816E,4E76,,f,h,y,y
,乷,816F,4E77,,s,d,x,x
,乸,8170,4E78,,n,y,z,z
,乹,8171,4E79,,q,i,r,r
,乺,8172,4E7A,,s,p,j,j
,乻,8173,4E7B,,y,f,r,r
,乼,8174,4E7C,,z,d,d,d
,乽,8175,4E7D,,z,t,p,p
,乾,C7AC,4E7E,,q,i,o,o
,乾,C7AC,4E7E,,g,i,o,o
,乿,8176,4E7F,,z,p,v,v
,乿,8176,4E7F,,l,p,v,v
,亀,8177,4E80,,g,f,l,l
,亁,8178,4E81,,q,i,o,o
,亂,8179,4E82,,l,p,v,v
,亃,817A,4E83,,l,v,m,m
,亄,817B,4E84,,y,t,b,b
,亅,817C,4E85,,j,i,,
,了,C1CB,4E86,,l,l,,
,亇,817D,4E87,,m,f,i,i
,予,D3E8,4E88,,y,a,l,l
,争,D5F9,4E89,,z,f,w,w
,亊,817E,4E8A,,s,a,f,f
,事,CAC2,4E8B,,s,h,k,k
,二,B6FE,4E8C,,e,h,,
,亍,D8A1,4E8D,,c,h,i,i
,于,D3DA,4E8E,,y,h,i,i
,亏,BFF7,4E8F,,k,h,z,z
,亐,8180,4E90,,y,h,z,z
,云,D4C6,4E91,,y,h,a,a
,互,BBA5,4E92,,h,w,w,w
,亓,D8C1,4E93,,q,h,o,o
,五,CEE5,4E94,,w,i,w,w
,井,BEAE,4E95,,j,h,o,o
,亖,8181,4E96,,s,h,h,h
,亗,8182,4E97,,s,s,h,h
,亘,D8A8,4E98,,g,h,r,r
,亙,8183,4E99,,g,i,a,a
,亚,D1C7,4E9A,,y,i,i,i
,些,D0A9,4E9B,,x,i,f,f
,些,D0A9,4E9B,,s,i,f,f
,亜,8184,4E9C,,y,h,k,k
,亝,8185,4E9D,,q,a,a,a
,亝,8185,4E9D,,z,a,a,a
,亞,8186,4E9E,,y,i,w,w
,亟,D8BD,4E9F,,j,l,k,k
,亠,D9EF,4EA0,,t,a,,
,亡,CDF6,4EA1,,w,a,z,z
,亢,BFBA,4EA2,,k,a,f,f
,亣,8187,4EA3,,d,a,o,o
,交,BDBB,4EA4,,j,a,v,v
,亥,BAA5,4EA5,,h,a,f,f
,亦,D2E0,4EA6,,y,a,o,o
,产,B2FA,4EA7,,c,a,v,v
,亨,BAE0,4EA8,,h,a,k,k
,亨,BAE0,4EA8,,p,a,k,k
,亩,C4B6,4EA9,,m,a,l,l
,亪,8188,4EAA,,y,a,o,o
,享,CFED,4EAB,,x,a,k,k
,京,BEA9,4EAC,,j,a,k,k
,亭,CDA4,4EAD,,t,a,k,k
,亮,C1C1,4EAE,,l,a,k,k
,亯,8189,4EAF,,x,a,k,k
,亰,818A,4EB0,,j,a,r,r
,亱,818B,4EB1,,y,a,r,r
,亲,C7D7,4EB2,,q,a,v,v
,亳,D9F1,4EB3,,b,a,k,k
,亴,818C,4EB4,,y,a,k,k
,亵,D9F4,4EB5,,x,a,t,t
,亶,818D,4EB6,,d,a,l,l
,亷,818E,4EB7,,l,a,v,v
,亸,818F,4EB8,,d,a,v,v
,亹,8190,4EB9,,w,a,o,o
,亹,8190,4EB9,,m,a,o,o
,人,C8CB,4EBA,,r,r,,
,亻,D8E9,4EBB,,r,r,,
,亼,8191,4EBC,,j,r,h,h
,亽,8192,4EBD,,j,r,d,d
,亾,8193,4EBE,,w,r,z,z
,亿,D2DA,4EBF,,y,r,z,z
,什,CAB2,4EC0,,s,r,i,i
,仁,C8CA,4EC1,,r,r,h,h
,仂,D8EC,4EC2,,l,r,l,l
,仃,D8EA,4EC3,,d,r,i,i
,仄,D8C6,4EC4,,z,c,r,r
,仅,BDF6,4EC5,,j,r,u,u
,仆,C6CD,4EC6,,p,r,x,x
,仇,B3F0,4EC7,,c,r,f,f
,仇,B3F0,4EC7,,q,r,f,f
,仈,8194,4EC8,,b,r,v,v
,仉,D8EB,4EC9,,z,r,f,f
,今,BDF1,4ECA,,j,r,a,a
,介,BDE9,4ECB,,j,r,o,o
,仌,8195,4ECC,,b,r,r,r
,仍,C8D4,4ECD,,r,r,f,f
,从,B4D3,4ECE,,c,r,r,r
,从,B4D3,4ECE,,z,r,r,r
,仏,8196,4ECF,,f,r,a,a
,仐,8197,4ED0,,j,r,i,i
,仑,C2D8,4ED1,,l,r,f,f
,仒,8198,4ED2,,b,r,d,d
,仒,8198,4ED2,,e,r,d,d
,仓,B2D6,4ED3,,c,r,e,e
,仔,D7D0,4ED4,,z,r,z,z
,仕,CACB,4ED5,,s,r,t,t
,他,CBFB,4ED6,,t,r,y,y
,仗,D5CC,4ED7,,z,r,o,o
,付,B8B6,4ED8,,f,r,c,c
,仙,CFC9,4ED9,,x,r,s,s
,仚,8199,4EDA,,x,r,s,s
,仛,819A,4EDB,,t,r,o,o
,仛,819A,4EDB,,c,r,o,o
,仛,819A,4EDB,,d,r,o,o
,仜,819B,4EDC,,h,r,g,g
,仝,D9DA,4EDD,,t,r,g,g
,仞,D8F0,4EDE,,r,r,d,d
,仟,C7AA,4EDF,,q,r,o,o
,仠,819C,4EE0,,g,r,h,h
,仠,819C,4EE0,,h,r,h,h
,仡,D8EE,4EE1,,y,r,o,o
,仡,D8EE,4EE1,,g,r,o,o
,仢,819D,4EE2,,b,r,f,f
,代,B4FA,4EE3,,d,r,w,w
,令,C1EE,4EE4,,l,r,a,a
,以,D2D4,4EE5,,y,a,r,r
,仦,819E,4EE6,,c,r,x,x
,仧,819F,4EE7,,c,i,h,h
,仧,819F,4EE7,,z,i,h,h
,仨,D8ED,4EE8,,s,r,h,h
,仩,81A0,4EE9,,c,r,i,i
,仪,D2C7,4EEA,,y,r,v,v
,仫,D8EF,4EEB,,m,r,f,f
,们,C3C7,4EEC,,m,r,m,m
,仭,81A1,4EED,,r,r,d,d
,仮,81A2,4EEE,,f,r,p,p
,仯,81A3,4EEF,,c,r,x,x
,仯,81A3,4EEF,,m,r,x,x
,仰,D1F6,4EF0,,y,r,f,f
,仰,D1F6,4EF0,,a,r,f,f
,仱,81A4,4EF1,,q,r,r,r
,仲,D6D9,4EF2,,z,r,k,k
,仳,D8F2,4EF3,,p,r,w,w
,仴,81A5,4EF4,,w,r,y,y
,仵,D8F5,4EF5,,w,r,o,o
,件,BCFE,4EF6,,j,r,n,n
,价,BCDB,4EF7,,j,r,r,r
,仸,81A6,4EF8,,y,r,p,p
,仸,81A6,4EF8,,f,r,p,p
,仹,81A7,4EF9,,f,r,h,h
,仺,81A8,4EFA,,c,r,w,w
,任,C8CE,4EFB,,r,r,p,p
,仼,81A9,4EFC,,w,r,w,w
,份,B7DD,4EFD,,f,r,v,v
,份,B7DD,4EFD,,b,r,v,v
,仾,81AA,4EFE,,d,r,w,w
,仿,B7C2,4EFF,,f,r,f,f
,伀,81AB,4F00,,z,r,v,v
,企,C6F3,4F01,,q,r,i,i
,伂,81AC,4F02,,p,r,h,h
,伃,81AD,4F03,,y,r,a,a
,伄,81AE,4F04,,d,r,e,e
,伅,81AF,4F05,,d,r,h,h
,伆,81B0,4F06,,w,r,f,f
,伇,81B1,4F07,,y,r,f,f
,伈,81B2,4F08,,x,r,x,x
,伉,D8F8,4F09,,k,r,a,a
,伊,D2C1,4F0A,,y,r,w,w
,伋,81B3,4F0B,,j,r,j,j
,伌,81B4,4F0C,,a,r,c,c
,伍,CEE9,4F0D,,w,r,i,i
,伎,BCBF,4F0E,,j,r,i,i
,伎,BCBF,4F0E,,q,r,i,i
,伏,B7FC,4F0F,,f,r,r,r
,伐,B7A5,4F10,,f,r,w,w
,休,D0DD,4F11,,x,r,m,m
,伒,81B5,4F12,,j,r,j,j
,伓,81B6,4F13,,p,r,o,o
,伔,81B7,4F14,,d,r,b,b
,伕,81B8,4F15,,f,r,h,h
,伖,81B9,4F16,,t,r,o,o
,众,D6DA,4F17,,z,r,r,r
,优,D3C5,4F18,,y,r,u,u
,伙,BBEF,4F19,,h,r,h,h
,会,BBE1,4F1A,,h,r,h,h
,会,BBE1,4F1A,,k,r,h,h
,伛,D8F1,4F1B,,y,r,o,o
,伜,81BA,4F1C,,c,r,f,f
,伝,81BB,4F1D,,y,r,h,h
,伞,C9A1,4F1E,,s,r,v,v
,伟,CEB0,4F1F,,w,r,h,h
,传,B4AB,4F20,,c,r,h,h
,传,B4AB,4F20,,z,r,h,h
,伡,81BC,4F21,,c,r,w,w
,伡,81BC,4F21,,j,r,w,w
,伢,D8F3,4F22,,y,r,w,w
,伣,81BD,4F23,,q,r,j,j
,伤,C9CB,4F24,,s,r,o,o
,伥,D8F6,4F25,,c,r,o,o
,伦,C2D7,4F26,,l,r,r,r
,伧,D8F7,4F27,,c,r,r,r
,伨,81BE,4F28,,x,r,f,f
,伩,81BF,4F29,,x,r,a,a
,伪,CEB1,4F2A,,w,r,d,d
,伫,D8F9,4F2B,,z,r,b,b
,伬,81C0,4F2C,,c,r,s,s
,伭,81C1,4F2D,,x,r,a,a
,伮,81C2,4F2E,,n,r,n,n
,伯,B2AE,4F2F,,b,r,r,r
,估,B9C0,4F30,,g,r,i,i
,伱,81C3,4F31,,n,r,r,r
,伲,D9A3,4F32,,n,r,s,s
,伳,81C4,4F33,,x,r,c,c
,伴,B0E9,4F34,,b,r,v,v
,伵,81C5,4F35,,x,r,l,l
,伶,C1E6,4F36,,l,r,r,r
,伷,81C6,4F37,,z,r,l,l
,伸,C9EC,4F38,,s,r,r,r
,伹,81C7,4F39,,q,r,q,q
,伺,CBC5,4F3A,,s,r,w,w
,伺,CBC5,4F3A,,c,r,w,w
,伻,81C8,4F3B,,p,r,h,h
,似,CBC6,4F3C,,s,r,a,a
,伽,D9A4,4F3D,,q,r,l,l
,伽,D9A4,4F3D,,j,r,l,l
,伽,D9A4,4F3D,,g,r,l,l
,伾,81C9,4F3E,,p,r,o,o
,伿,81CA,4F3F,,z,r,k,k
,佀,81CB,4F40,,s,r,i,i
,佁,81CC,4F41,,y,r,a,a
,佁,81CC,4F41,,c,r,a,a
,佂,81CD,4F42,,z,r,i,i
,佃,B5E8,4F43,,d,r,l,l
,佃,B5E8,4F43,,t,r,l,l
,佄,81CE,4F44,,h,r,c,c
,佄,81CE,4F44,,g,r,c,c
,佅,81CF,4F45,,m,r,h,h
,但,B5AB,4F46,,d,r,r,r
,佇,81D0,4F47,,z,r,b,b
,佈,81D1,4F48,,b,r,o,o
,佉,81D2,4F49,,q,r,t,t
,佊,81D3,4F4A,,b,r,f,f
,佋,81D4,4F4B,,z,r,d,d
,佋,81D4,4F4B,,s,r,d,d
,佌,81D5,4F4C,,c,r,i,i
,位,CEBB,4F4D,,w,r,a,a
,低,B5CD,4F4E,,d,r,f,f
,住,D7A1,4F4F,,z,r,d,d
,佐,D7F4,4F50,,z,r,o,o
,佑,D3D3,4F51,,y,r,o,o
,佒,81D6,4F52,,y,r,l,l
,体,CCE5,4F53,,t,r,m,m
,佔,81D7,4F54,,z,r,i,i
,佔,81D7,4F54,,d,r,i,i
,何,BACE,4F55,,h,r,k,k
,佖,81D8,4F56,,b,r,a,a
,佗,D9A2,4F57,,t,r,b,b
,佘,D9DC,4F58,,s,r,h,h
,余,D3E0,4F59,,y,r,h,h
,佚,D8FD,4F5A,,y,r,o,o
,佚,D8FD,4F5A,,d,r,o,o
,佛,B7F0,4F5B,,f,r,e,e
,佛,B7F0,4F5B,,b,r,e,e
,作,D7F7,4F5C,,z,r,o,o
,佝,D8FE,4F5D,,g,r,f,f
,佝,D8FE,4F5D,,k,r,f,f
,佞,D8FA,4F5E,,n,r,h,h
,佟,D9A1,4F5F,,t,r,u,u
,你,C4E3,4F60,,n,r,f,f
,佡,81D9,4F61,,x,r,r,r
,佢,81DA,4F62,,q,r,h,h
,佣,D3B6,4F63,,y,r,y,y
,佤,D8F4,4F64,,w,r,w,w
,佥,D9DD,4F65,,q,r,h,h
,佦,81DB,4F66,,s,r,o,o
,佧,D8FB,4F67,,k,r,i,i
,佨,81DC,4F68,,b,r,f,f
,佩,C5E5,4F69,,p,r,f,f
,佪,81DD,4F6A,,h,r,l,l
,佫,81DE,4F6B,,g,r,u,u
,佬,C0D0,4F6C,,l,r,t,t
,佭,81DF,4F6D,,x,r,u,u
,佮,81E0,4F6E,,g,r,r,r
,佯,D1F0,4F6F,,y,r,v,v
,佰,B0DB,4F70,,b,r,h,h
,佱,81E1,4F71,,f,r,h,h
,佲,81E2,4F72,,m,r,f,f
,佳,BCD1,4F73,,j,r,t,t
,佴,D9A6,4F74,,e,r,e,e
,佴,D9A6,4F74,,n,r,e,e
,併,81E3,4F75,,b,r,v,v
,佶,D9A5,4F76,,j,r,t,t
,佷,81E4,4F77,,h,r,w,w
,佸,81E5,4F78,,h,r,o,o
,佹,81E6,4F79,,g,r,f,f
,佺,81E7,4F7A,,q,r,r,r
,佻,D9AC,4F7B,,t,r,p,p
,佼,D9AE,4F7C,,j,r,a,a
,佽,81E8,4F7D,,c,r,d,d
,佾,D9AB,4F7E,,y,r,v,v
,使,CAB9,4F7F,,s,r,h,h
,侀,81E9,4F80,,x,r,h,h
,侁,81EA,4F81,,s,r,p,p
,侂,81EB,4F82,,t,r,g,g
,侃,D9A9,4F83,,k,r,k,k
,侄,D6B6,4F84,,z,r,w,w
,侅,81EC,4F85,,g,r,a,a
,來,81ED,4F86,,l,h,r,r
,侇,81EE,4F87,,y,r,h,h
,侈,B3DE,4F88,,c,r,f,f
,侉,D9A8,4F89,,k,r,r,r
,侊,81EF,4F8A,,g,r,v,v
,例,C0FD,4F8B,,l,r,o,o
,侌,81F0,4F8C,,y,r,a,a
,侍,CACC,4F8D,,s,r,t,t
,侎,81F1,4F8E,,m,r,v,v
,侏,D9AA,4F8F,,z,r,o,o
,侐,81F2,4F90,,x,r,p,p
,侑,D9A7,4F91,,y,r,o,o
,侒,81F3,4F92,,a,r,b,b
,侓,81F4,4F93,,l,r,w,w
,侔,D9B0,4F94,,m,r,a,a
,侕,81F5,4F95,,e,r,o,o
,侖,81F6,4F96,,l,r,h,h
,侗,B6B1,4F97,,d,r,l,l
,侗,B6B1,4F97,,t,r,l,l
,侘,81F7,4F98,,c,r,b,b
,侙,81F8,4F99,,c,r,h,h
,侚,81F9,4F9A,,x,r,f,f
,供,B9A9,4F9B,,g,r,c,c
,侜,81FA,4F9C,,z,r,p,p
,依,D2C0,4F9D,,y,r,a,a
,侞,81FB,4F9E,,r,r,n,n
,侟,81FC,4F9F,,c,r,o,o
,侠,CFC0,4FA0,,x,r,h,h
,価,81FD,4FA1,,s,r,u,u
,侢,81FE,4FA2,,d,r,h,h
,侣,C2C2,4FA3,,l,r,k,k
,侤,8240,4FA4,,t,r,t,t
,侥,BDC4,4FA5,,j,r,w,w
,侥,BDC4,4FA5,,y,r,w,w
,侦,D5EC,4FA6,,z,r,i,i
,侧,B2E0,4FA7,,c,r,b,b
,侧,B2E0,4FA7,,z,r,b,b
,侨,C7C8,4FA8,,q,r,p,p
,侩,BFEB,4FA9,,k,r,r,r
,侪,D9AD,4FAA,,c,r,a,a
,侫,8241,4FAB,,n,r,a,a
,侬,D9AF,4FAC,,n,r,b,b
,侭,8242,4FAD,,j,r,s,s
,侮,CEEA,4FAE,,w,r,o,o
,侯,BAEE,4FAF,,h,r,w,w
,侰,8243,4FB0,,j,r,w,w
,侱,8244,4FB1,,c,r,k,k
,侱,8244,4FB1,,t,r,k,k
,侲,8245,4FB2,,z,r,c,c
,侳,8246,4FB3,,z,r,r,r
,侴,8247,4FB4,,h,r,w,w
,侵,C7D6,4FB5,,q,r,w,w
,侶,8248,4FB6,,l,r,k,k
,侷,8249,4FB7,,j,r,s,s
,侸,824A,4FB8,,s,r,h,h
,侸,824A,4FB8,,d,r,h,h
,侹,824B,4FB9,,t,r,p,p
,侺,824C,4FBA,,s,r,s,s
,侻,824D,4FBB,,t,r,v,v
,侼,824E,4FBC,,b,r,i,i
,侽,824F,4FBD,,n,r,l,l
,侾,8250,4FBE,,x,r,t,t
,便,B1E3,4FBF,,b,r,h,h
,便,B1E3,4FBF,,p,r,h,h
,俀,8251,4FC0,,t,r,p,p
,俁,8252,4FC1,,y,r,k,k
,係,8253,4FC2,,x,r,p,p
,促,B4D9,4FC3,,c,r,k,k
,俄,B6ED,4FC4,,e,r,p,p
,俅,D9B4,4FC5,,q,r,i,i
,俆,8254,4FC6,,x,r,r,r
,俇,8255,4FC7,,g,r,q,q
,俈,8256,4FC8,,k,r,p,p
,俉,8257,4FC9,,w,r,i,i
,俊,BFA1,4FCA,,j,r,a,a
,俋,8258,4FCB,,y,r,k,k
,俌,8259,4FCC,,f,r,h,h
,俍,825A,4FCD,,l,r,a,a
,俎,D9DE,4FCE,,z,r,r,r
,俏,C7CE,4FCF,,q,r,v,v
,俏,C7CE,4FCF,,x,r,v,v
,俐,C0FE,4FD0,,l,r,h,h
,俑,D9B8,4FD1,,y,r,a,a
,俒,825B,4FD2,,h,r,b,b
,俓,825C,4FD3,,j,r,w,w
,俔,825D,4FD4,,q,r,j,j
,俕,825E,4FD5,,s,r,b,b
,俖,825F,4FD6,,p,r,o,o
,俗,CBD7,4FD7,,s,r,v,v
,俘,B7FD,4FD8,,f,r,p,p
,俙,8260,4FD9,,x,r,v,v
,俚,D9B5,4FDA,,l,r,r,r
,俛,8261,4FDB,,f,r,f,f
,俜,D9B7,4FDC,,p,r,l,l
,保,B1A3,4FDD,,b,r,k,k
,俞,D3E1,4FDE,,y,r,h,h
,俞,D3E1,4FDE,,s,r,h,h
,俟,D9B9,4FDF,,s,r,a,a
,俟,D9B9,4FDF,,q,r,a,a
,俠,8262,4FE0,,x,r,h,h
,信,D0C5,4FE1,,x,r,a,a
,信,D0C5,4FE1,,s,r,a,a
,俢,8263,4FE2,,x,r,u,u
,俣,D9B6,4FE3,,y,r,k,k
,俤,8264,4FE4,,d,r,v,v
,俥,8265,4FE5,,c,r,h,h
,俥,8265,4FE5,,j,r,h,h
,俦,D9B1,4FE6,,c,r,h,h
,俧,8266,4FE7,,z,r,t,t
,俨,D9B2,4FE8,,y,r,i,i
,俩,C1A9,4FE9,,l,r,h,h
,俪,D9B3,4FEA,,l,r,h,h
,俫,8267,4FEB,,l,r,a,a
,俬,8268,4FEC,,s,r,h,h
,俭,BCF3,4FED,,j,r,r,r
,修,D0DE,4FEE,,x,r,i,i
,俯,B8A9,4FEF,,f,r,g,g
,俰,8269,4FF0,,h,r,h,h
,俱,BEE3,4FF1,,j,r,q,q
,俲,826A,4FF2,,x,r,a,a
,俳,D9BD,4FF3,,p,r,i,i
,俴,826B,4FF4,,j,r,w,w
,俵,826C,4FF5,,b,r,h,h
,俶,826D,4FF6,,c,r,i,i
,俶,826D,4FF6,,t,r,i,i
,俷,826E,4FF7,,f,r,y,y
,俸,D9BA,4FF8,,f,r,h,h
,俹,826F,4FF9,,y,r,i,i
,俺,B0B3,4FFA,,a,r,r,r
,俻,8270,4FFB,,b,r,u,u
,俼,8271,4FFC,,y,r,a,a
,俽,8272,4FFD,,x,r,j,j
,俾,D9C2,4FFE,,b,r,r,r
,俿,8273,4FFF,,h,r,i,i
,俿,8273,4FFF,,c,r,i,i
,倀,8274,5000,,c,r,i,i
,倁,8275,5001,,z,r,o,o
,倂,8276,5002,,b,r,o,o
,倃,8277,5003,,j,r,u,u
,倄,8278,5004,,y,r,v,v
,倅,8279,5005,,c,r,a,a
,倅,8279,5005,,z,r,a,a
,倆,827A,5006,,l,r,h,h
,倇,827B,5007,,w,r,b,b
,倈,827C,5008,,l,r,h,h
,倉,827D,5009,,c,r,a,a
,倊,827E,500A,,z,r,v,v
,個,8280,500B,,g,r,l,l
,倌,D9C4,500C,,g,r,b,b
,倍,B1B6,500D,,b,r,a,a
,倎,8281,500E,,t,r,l,l
,倏,D9BF,500F,,s,r,i,i
,倐,8282,5010,,s,r,i,i
,們,8283,5011,,m,r,m,m
,倒,B5B9,5012,,d,r,w,w
,倓,8284,5013,,t,r,h,h
,倔,BEF3,5014,,j,r,s,s
,倕,8285,5015,,c,r,o,o
,倖,8286,5016,,x,r,t,t
,倗,8287,5017,,p,r,y,y
,倘,CCC8,5018,,t,r,v,v
,倘,CCC8,5018,,c,r,v,v
,候,BAF2,5019,,h,r,l,l
,倚,D2D0,501A,,y,r,r,r
,倛,8288,501B,,q,r,c,c
,倜,D9C3,501C,,t,r,f,f
,倝,8289,501D,,g,i,r,r
,倞,828A,501E,,l,r,a,a
,倞,828A,501E,,j,r,a,a
,借,BDE8,501F,,j,r,c,c
,倠,828B,5020,,s,r,r,r
,倡,B3AB,5021,,c,r,r,r
,倢,828C,5022,,j,r,w,w
,倣,828D,5023,,f,r,f,f
,値,828E,5024,,z,r,i,i
,倥,D9C5,5025,,k,r,b,b
,倦,BEEB,5026,,j,r,v,v
,倧,828F,5027,,z,r,b,b
,倨,D9C6,5028,,j,r,s,s
,倩,D9BB,5029,,q,r,h,h
,倪,C4DF,502A,,n,r,o,o
,倫,8290,502B,,l,r,r,r
,倬,D9BE,502C,,z,r,i,i
,倭,D9C1,502D,,w,r,h,h
,倮,D9C0,502E,,l,r,r,r
,倯,8291,502F,,s,r,m,m
,倰,8292,5030,,l,r,t,t
,倱,8293,5031,,h,r,r,r
,倲,8294,5032,,d,r,h,h
,倳,8295,5033,,z,r,h,h
,倴,8296,5034,,b,r,r,r
,倵,8297,5035,,w,r,h,h
,倶,8298,5036,,j,r,m,m
,倷,8299,5037,,n,r,r,r
,倸,829A,5038,,c,r,p,p
,倹,829B,5039,,j,r,r,r
,债,D5AE,503A,,z,r,h,h
,倻,829C,503B,,y,r,e,e
,值,D6B5,503C,,z,r,i,i
,倽,829D,503D,,s,r,r,r
,倾,C7E3,503E,,q,r,w,w
,倿,829E,503F,,n,r,a,a
,偀,829F,5040,,y,r,c,c
,偁,82A0,5041,,c,r,p,p
,偂,82A1,5042,,q,r,v,v
,偃,D9C8,5043,,y,r,h,h
,偄,82A2,5044,,r,r,o,o
,偅,82A3,5045,,z,r,o,o
,偅,82A3,5045,,t,r,o,o
,偆,82A4,5046,,c,r,h,h
,假,BCD9,5047,,j,r,e,e
,偈,D9CA,5048,,j,r,r,r
,偉,82A5,5049,,w,r,l,l
,偊,82A6,504A,,y,r,p,p
,偋,82A7,504B,,b,r,s,s
,偌,D9BC,504C,,r,r,c,c
,偍,82A8,504D,,t,r,r,r
,偎,D9CB,504E,,w,r,l,l
,偏,C6AB,504F,,p,r,h,h
,偐,82A9,5050,,y,r,a,a
,偑,82AA,5051,,f,r,f,f
,偒,82AB,5052,,t,r,r,r
,偒,82AB,5052,,d,r,r,r
,偓,82AC,5053,,w,r,s,s
,偔,82AD,5054,,e,r,k,k
,偕,D9C9,5055,,x,r,w,w
,偖,82AE,5056,,c,r,t,t
,偗,82AF,5057,,s,r,x,x
,偘,82B0,5058,,k,r,k,k
,偙,82B1,5059,,d,r,a,a
,做,D7F6,505A,,z,r,i,i
,偛,82B2,505B,,c,r,o,o
,停,CDA3,505C,,t,r,a,a
,偝,82B3,505D,,b,r,i,i
,偞,82B4,505E,,x,r,c,c
,偟,82B5,505F,,h,r,r,r
,偠,82B6,5060,,y,r,u,u
,偡,82B7,5061,,z,r,c,c
,偢,82B8,5062,,c,r,h,h
,偢,82B8,5062,,q,r,h,h
,偣,82B9,5063,,a,r,a,a
,偤,82BA,5064,,y,r,v,v
,健,BDA1,5065,,j,r,w,w
,偦,82BB,5066,,x,r,l,l
,偧,82BC,5067,,z,r,r,r
,偨,82BD,5068,,c,r,i,i
,偩,82BE,5069,,f,r,f,f
,偪,82BF,506A,,b,r,h,h
,偫,82C0,506B,,z,r,r,r
,偬,D9CC,506C,,z,r,f,f
,偭,82C1,506D,,m,r,o,o
,偮,82C2,506E,,j,r,k,k
,偯,82C3,506F,,y,r,a,a
,偰,82C4,5070,,x,r,h,h
,偱,82C5,5071,,x,r,p,p
,偲,82C6,5072,,c,r,l,l
,偲,82C6,5072,,s,r,l,l
,偳,82C7,5073,,d,r,s,s
,側,82C8,5074,,c,r,b,b
,側,82C8,5074,,z,r,b,b
,偵,82C9,5075,,z,r,i,i
,偶,C5BC,5076,,o,r,r,r
,偷,CDB5,5077,,t,r,r,r
,偸,82CA,5078,,t,r,v,v
,偹,82CB,5079,,b,r,i,i
,偺,82CC,507A,,z,r,u,u
,偻,D9CD,507B,,l,r,v,v
,偼,82CD,507C,,j,r,i,i
,偽,82CE,507D,,w,r,v,v
,偾,D9C7,507E,,f,r,i,i
,偿,B3A5,507F,,c,r,v,v
,傀,BFFE,5080,,k,r,r,r
,傀,BFFE,5080,,g,r,r,r
,傁,82CF,5081,,s,r,o,o
,傂,82D0,5082,,z,r,p,p
,傂,82D0,5082,,s,r,p,p
,傃,82D1,5083,,s,r,h,h
,傄,82D2,5084,,x,r,r,r
,傅,B8B5,5085,,f,r,h,h
,傆,82D3,5086,,y,r,c,c
,傇,82D4,5087,,r,r,c,c
,傈,C0FC,5088,,l,r,u,u
,傉,82D5,5089,,n,r,c,c
,傊,82D6,508A,,y,r,k,k
,傋,82D7,508B,,j,r,h,h
,傋,82D7,508B,,g,r,h,h
,傌,82D8,508C,,m,r,m,m
,傍,B0F8,508D,,b,r,a,a
,傎,82D9,508E,,d,r,i,i
,傏,82DA,508F,,t,r,g,g
,傐,82DB,5090,,h,r,a,a
,傑,82DC,5091,,j,r,f,f
,傒,82DD,5092,,x,r,p,p
,傓,82DE,5093,,s,r,h,h
,傔,82DF,5094,,q,r,v,v
,傔,82DF,5094,,j,r,v,v
,傕,82E0,5095,,q,r,b,b
,傕,82E0,5095,,j,r,b,b
,傖,82E1,5096,,c,r,r,r
,傗,82E2,5097,,c,r,a,a
,傘,82E3,5098,,s,r,r,r
,備,82E4,5099,,b,r,c,c
,傚,82E5,509A,,x,r,a,a
,傛,82E6,509B,,r,r,b,b
,傜,82E7,509C,,y,r,p,p
,傝,82E8,509D,,t,r,r,r
,傞,82E9,509E,,s,r,v,v
,傟,82EA,509F,,y,r,v,v
,傠,82EB,50A0,,f,r,a,a
,傡,82EC,50A1,,b,r,a,a
,傢,82ED,50A2,,j,r,b,b
,傣,B4F6,50A3,,d,r,h,h
,傤,82EE,50A4,,z,r,t,t
,傥,D9CE,50A5,,t,r,v,v
,傦,82EF,50A6,,g,r,l,l
,傧,D9CF,50A7,,b,r,b,b
,储,B4A2,50A8,,c,r,a,a
,傩,D9D0,50A9,,n,r,u,u
,傪,82F0,50AA,,c,r,a,a
,傫,82F1,50AB,,l,r,l,l
,催,B4DF,50AC,,c,r,s,s
,傭,82F2,50AD,,y,r,g,g
,傮,82F3,50AE,,z,r,h,h
,傮,82F3,50AE,,c,r,h,h
,傯,82F4,50AF,,z,r,p,p
,傰,82F5,50B0,,p,r,s,s
,傱,82F6,50B1,,s,r,r,r
,傲,B0C1,50B2,,a,r,h,h
,傳,82F7,50B3,,c,r,h,h
,傳,82F7,50B3,,z,r,h,h
,傴,82F8,50B4,,y,r,h,h
,債,82F9,50B5,,z,r,h,h
,傶,82FA,50B6,,q,r,c,c
,傶,82FA,50B6,,c,r,c,c
,傷,82FB,50B7,,s,r,o,o
,傸,82FC,50B8,,c,r,o,o
,傹,82FD,50B9,,j,r,a,a
,傺,D9D1,50BA,,c,r,f,f
,傻,C9B5,50BB,,s,r,p,p
,傼,82FE,50BC,,h,r,c,c
,傽,8340,50BD,,z,r,a,a
,傾,8341,50BE,,q,r,w,w
,傿,8342,50BF,,y,r,i,i
,僀,8343,50C0,,d,r,o,o
,僁,8344,50C1,,x,r,v,v
,僂,8345,50C2,,l,r,l,l
,僃,8346,50C3,,b,r,c,c
,僄,8347,50C4,,p,r,u,u
,僄,8347,50C4,,b,r,u,u
,僅,8348,50C5,,j,r,c,c
,僆,8349,50C6,,l,r,h,h
,僇,834A,50C7,,l,r,y,y
,僈,834B,50C8,,m,r,r,r
,僉,834C,50C9,,q,r,h,h
,僊,834D,50CA,,x,r,u,u
,僋,834E,50CB,,t,r,r,r
,僌,834F,50CC,,y,r,h,h
,働,8350,50CD,,d,r,o,o
,僎,8351,50CE,,z,r,e,e
,像,CFF1,50CF,,x,r,f,f
,僐,8352,50D0,,s,r,v,v
,僑,8353,50D1,,q,r,p,p
,僒,8354,50D2,,j,r,b,b
,僓,8355,50D3,,t,r,k,k
,僔,8356,50D4,,z,r,v,v
,僕,8357,50D5,,p,r,i,i
,僖,D9D2,50D6,,x,r,t,t
,僗,8358,50D7,,l,r,h,h
,僘,8359,50D8,,c,r,v,v
,僙,835A,50D9,,g,r,c,c
,僚,C1C5,50DA,,l,r,r,r
,僛,835B,50DB,,q,r,c,c
,僜,835C,50DC,,c,r,a,a
,僜,835C,50DC,,d,r,a,a
,僝,835D,50DD,,z,r,s,s
,僝,835D,50DD,,c,r,s,s
,僞,835E,50DE,,w,r,p,p
,僟,835F,50DF,,j,r,u,u
,僠,8360,50E0,,b,r,v,v
,僡,8361,50E1,,h,r,h,h
,僢,8362,50E2,,c,r,p,p
,僣,8363,50E3,,t,r,h,h
,僣,8363,50E3,,j,r,h,h
,僤,8364,50E4,,d,r,k,k
,僥,8365,50E5,,j,r,t,t
,僥,8365,50E5,,y,r,t,t
,僦,D9D6,50E6,,j,r,a,a
,僧,C9AE,50E7,,s,r,v,v
,僨,8366,50E8,,f,r,i,i
,僩,8367,50E9,,x,r,m,m
,僪,8368,50EA,,y,r,a,a
,僫,8369,50EB,,e,r,i,i
,僫,8369,50EB,,w,r,i,i
,僬,D9D5,50EC,,j,r,r,r
,僭,D9D4,50ED,,j,r,w,w
,僮,D9D7,50EE,,t,r,a,a
,僮,D9D7,50EE,,z,r,a,a
,僯,836A,50EF,,l,r,v,v
,僰,836B,50F0,,b,h,h,h
,僱,836C,50F1,,g,r,h,h
,僲,836D,50F2,,x,r,u,u
,僳,CBDB,50F3,,s,r,u,u
,僴,836E,50F4,,x,r,m,m
,僵,BDA9,50F5,,j,r,h,h
,僶,836F,50F6,,m,r,l,l
,僷,8370,50F7,,y,r,c,c
,僸,8371,50F8,,j,r,m,m
,價,8372,50F9,,j,r,u,u
,僺,8373,50FA,,q,r,k,k
,僻,C6A7,50FB,,p,r,s,s
,僼,8374,50FC,,f,r,l,l
,僽,8375,50FD,,z,r,h,h
,僾,8376,50FE,,a,r,p,p
,僿,8377,50FF,,s,r,b,b
,儀,8378,5100,,y,r,v,v
,儁,8379,5101,,j,r,r,r
,儂,837A,5102,,n,r,l,l
,儃,837B,5103,,c,r,a,a
,儃,837B,5103,,t,r,a,a
,儃,837B,5103,,s,r,a,a
,億,837C,5104,,y,r,a,a
,儅,837D,5105,,d,r,v,v
,儆,D9D3,5106,,j,r,c,c
,儇,D9D8,5107,,x,r,m,m
,儈,837E,5108,,k,r,r,r
,儉,8380,5109,,j,r,r,r
,儊,8381,510A,,c,r,m,m
,儋,D9D9,510B,,d,r,f,f
,儌,8382,510C,,j,r,r,r
,儍,8383,510D,,s,r,v,v
,儎,8384,510E,,z,r,t,t
,儏,8385,510F,,c,r,i,i
,儐,8386,5110,,b,r,b,b
,儑,8387,5111,,a,r,r,r
,儒,C8E5,5112,,r,r,y,y
,儓,8388,5113,,t,r,t,t
,儔,8389,5114,,c,r,t,t
,儕,838A,5115,,c,r,a,a
,儖,838B,5116,,l,r,i,i
,儗,838C,5117,,n,r,f,f
,儗,838C,5117,,y,r,f,f
,儘,838D,5118,,j,r,w,w
,儙,838E,5119,,q,r,k,k
,儚,838F,511A,,m,r,c,c
,儛,8390,511B,,w,r,o,o
,儜,8391,511C,,n,r,b,b
,儝,8392,511D,,q,r,h,h
,儞,8393,511E,,n,r,o,o
,償,8394,511F,,c,r,v,v
,儠,8395,5120,,l,r,z,z
,儡,C0DC,5121,,l,r,l,l
,儢,8396,5122,,l,r,i,i
,儣,8397,5123,,k,r,g,g
,儤,8398,5124,,b,r,r,r
,儥,8399,5125,,y,r,t,t
,儦,839A,5126,,b,r,g,g
,儧,839B,5127,,z,r,h,h
,儨,839C,5128,,z,r,j,j
,儩,839D,5129,,s,r,b,b
,優,839E,512A,,y,r,o,o
,儫,839F,512B,,h,r,a,a
,儬,83A0,512C,,q,r,h,h
,儭,83A1,512D,,c,r,a,a
,儮,83A2,512E,,l,r,c,c
,儯,83A3,512F,,t,r,v,v
,儰,83A4,5130,,w,r,c,c
,儱,83A5,5131,,l,r,a,a
,儲,83A6,5132,,c,r,a,a
,儳,83A7,5133,,c,r,f,f
,儴,83A8,5134,,r,r,a,a
,儴,83A8,5134,,x,r,a,a
,儵,83A9,5135,,s,r,i,i
,儶,83AA,5136,,h,r,s,s
,儶,83AA,5136,,x,r,s,s
,儷,83AB,5137,,l,r,h,h
,儸,83AC,5138,,l,r,m,m
,儹,83AD,5139,,z,r,p,p
,儺,83AE,513A,,n,r,c,c
,儻,83AF,513B,,t,r,v,v
,儼,83B0,513C,,y,r,k,k
,儽,83B1,513D,,l,r,l,l
,儾,83B2,513E,,n,r,h,h
,儿,B6F9,513F,,e,f,,
,兀,D8A3,5140,,w,o,z,z
,允,D4CA,5141,,y,a,f,f
,兂,83B3,5142,,z,w,f,f
,元,D4AA,5143,,y,h,f,f
,兄,D0D6,5144,,x,k,f,f
,充,B3E4,5145,,c,a,a,a
,兆,D5D7,5146,,z,p,f,f
,兇,83B4,5147,,x,v,s,s
,先,CFC8,5148,,x,p,t,t
,光,B9E2,5149,,g,v,f,f
,兊,83B5,514A,,d,v,a,a
,兊,83B5,514A,,r,v,a,a
,兊,83B5,514A,,y,v,a,a
,克,BFCB,514B,,k,i,k,k
,兌,83B6,514C,,d,v,k,k
,兌,83B6,514C,,r,v,k,k
,兌,83B6,514C,,y,v,k,k
,免,C3E2,514D,,m,f,k,k
,兎,83B7,514E,,t,p,k,k
,兏,83B8,514F,,c,c,i,i
,兏,83B8,514F,,z,c,i,i
,児,83B9,5150,,e,i,r,r
,兑,B6D2,5151,,d,v,k,k
,兑,B6D2,5151,,r,v,k,k
,兑,B6D2,5151,,y,v,k,k
,兒,83BA,5152,,e,o,w,w
,兓,83BB,5153,,j,w,w,w
,兔,CDC3,5154,,t,f,k,k
,兕,D9EE,5155,,s,l,l,l
,兖,D9F0,5156,,y,a,v,v
,兗,83BC,5157,,y,a,v,v
,兘,83BD,5158,,s,h,a,a
,兙,83BE,5159,,s,i,k,k
,党,B5B3,515A,,d,v,b,b
,兛,83BF,515B,,q,i,o,o
,兜,B6B5,515C,,d,r,f,f
,兝,83C0,515D,,g,i,v,v
,兞,83C1,515E,,h,i,o,o
,兟,83C2,515F,,s,p,p,p
,兠,83C3,5160,,d,r,i,i
,兡,83C4,5161,,b,i,h,h
,兢,BEA4,5162,,j,i,i,i
,兣,83C5,5163,,g,i,c,c
,兤,83C6,5164,,h,v,g,g
,入,C8EB,5165,,r,v,,
,兦,83C7,5166,,w,v,z,z
,內,83C8,5167,,n,l,v,v
,全,C8AB,5168,,q,r,w,w
,兩,83C9,5169,,l,h,l,l
,兪,83CA,516A,,y,v,h,h
,兪,83CA,516A,,s,v,h,h
,八,B0CB,516B,,b,v,,
,公,B9AB,516C,,g,v,a,a
,六,C1F9,516D,,l,a,v,v
,兮,D9E2,516E,,x,v,w,w
,兯,83CB,516F,,h,v,l,l
,兰,C0BC,5170,,l,v,h,h
,共,B9B2,5171,,g,c,o,o
,兲,83CC,5172,,t,w,v,v
,关,B9D8,5173,,g,v,r,r
,兴,D0CB,5174,,x,v,v,v
,兵,B1F8,5175,,b,o,g,g
,其,C6E4,5176,,q,c,h,h
,其,C6E4,5176,,j,c,h,h
,具,BEDF,5177,,j,q,v,v
,典,B5E4,5178,,d,l,c,c
,兹,D7C8,5179,,z,v,u,u
,兹,D7C8,5179,,c,v,u,u
,兺,83CD,517A,,b,v,k,k
,养,D1F8,517B,,y,v,h,h
,兼,BCE6,517C,,j,v,w,w
,兽,CADE,517D,,s,v,l,l
,兾,83CE,517E,,j,v,l,l
,兿,83CF,517F,,y,v,t,t
,冀,BCBD,5180,,j,i,f,f
,冁,D9E6,5181,,c,v,s,s
,冂,D8E7,5182,,j,l,,
,冃,83D0,5183,,m,l,h,h
,冄,83D1,5184,,r,l,h,h
,内,C4DA,5185,,n,l,r,r
,円,83D2,5186,,y,l,i,i
,冇,83D3,5187,,m,o,l,l
,冈,B8D4,5188,,g,l,v,v
,冉,C8BD,5189,,r,l,i,i
,冊,83D4,518A,,c,l,c,c
,冋,83D5,518B,,j,l,k,k
,册,B2E1,518C,,c,f,f,f
,再,D4D9,518D,,z,h,l,l
,冎,83D6,518E,,g,l,z,z
,冏,83D7,518F,,j,l,v,v
,冐,83D8,5190,,m,r,y,y
,冑,83D9,5191,,z,l,t,t
,冒,C3B0,5192,,m,r,m,m
,冓,83DA,5193,,g,h,c,c
,冔,83DB,5194,,x,r,k,k
,冕,C3E1,5195,,m,r,f,f
,冖,DAA2,5196,,m,b,,
,冗,C8DF,5197,,r,b,f,f
,冘,83DC,5198,,y,b,f,f
,写,D0B4,5199,,x,b,w,w
,冚,83DD,519A,,k,b,s,s
,军,BEFC,519B,,j,b,w,w
,农,C5A9,519C,,n,b,f,f
,冝,83DE,519D,,y,b,q,q
,冞,83DF,519E,,s,b,v,v
,冟,83E0,519F,,s,b,r,r
,冠,B9DA,51A0,,g,b,h,h
,冡,83E1,51A1,,m,b,h,h
,冢,DAA3,51A2,,z,b,o,o
,冣,83E2,51A3,,z,b,e,e
,冤,D4A9,51A4,,y,b,f,f
,冥,DAA4,51A5,,m,b,r,r
,冦,83E3,51A6,,k,b,h,h
,冧,83E4,51A7,,l,b,m,m
,冨,83E5,51A8,,f,b,h,h
,冩,83E6,51A9,,x,b,o,o
,冪,83E7,51AA,,m,b,c,c
,冫,D9FB,51AB,,b,d,,
,冬,B6AC,51AC,,d,u,d,d
,冭,83E8,51AD,,t,r,d,d
,冮,83E9,51AE,,g,d,g,g
,冯,B7EB,51AF,,f,d,m,m
,冯,B7EB,51AF,,p,d,m,m
,冰,B1F9,51B0,,b,d,s,s
,冱,D9FC,51B1,,h,d,w,w
,冲,B3E5,51B2,,c,d,k,k
,决,BEF6,51B3,,j,d,z,z
,冴,83EA,51B4,,y,d,w,w
,况,BFF6,51B5,,k,d,k,k
,冶,D2B1,51B6,,y,d,a,a
,冷,C0E4,51B7,,l,d,r,r
,冸,83EB,51B8,,p,d,v,v
,冹,83EC,51B9,,f,d,o,o
,冺,83ED,51BA,,m,d,e,e
,冻,B6B3,51BB,,d,d,w,w
,冼,D9FE,51BC,,x,d,p,p
,冽,D9FD,51BD,,l,d,o,o
,冾,83EE,51BE,,q,d,r,r
,冿,83EF,51BF,,j,d,w,w
,净,BEBB,51C0,,j,d,f,f
,净,BEBB,51C0,,c,d,f,f
,凁,83F0,51C1,,s,d,h,h
,凂,83F1,51C2,,m,d,f,f
,凃,83F2,51C3,,t,d,r,r
,凄,C6E0,51C4,,q,d,w,w
,凅,83F3,51C5,,g,d,l,l
,准,D7BC,51C6,,z,d,r,r
,凇,DAA1,51C7,,s,d,m,m
,凈,83F4,51C8,,j,d,p,p
,凈,83F4,51C8,,c,d,p,p
,凉,C1B9,51C9,,l,d,a,a
,凊,83F5,51CA,,q,d,h,h
,凋,B5F2,51CB,,d,d,f,f
,凌,C1E8,51CC,,l,d,t,t
,凍,83F6,51CD,,d,d,h,h
,凎,83F7,51CE,,g,d,j,j
,减,BCF5,51CF,,j,d,c,c
,凐,83F8,51D0,,y,d,u,u
,凑,B4D5,51D1,,c,d,h,h
,凒,83F9,51D2,,a,d,s,s
,凓,83FA,51D3,,l,d,u,u
,凔,83FB,51D4,,c,d,r,r
,凕,83FC,51D5,,m,d,b,b
,凖,83FD,51D6,,z,d,r,r
,凗,83FE,51D7,,c,d,s,s
,凘,8440,51D8,,s,d,c,c
,凙,8441,51D9,,d,d,m,m
,凚,8442,51DA,,j,d,m,m
,凛,C1DD,51DB,,l,d,a,a
,凜,8443,51DC,,l,d,a,a
,凝,C4FD,51DD,,n,d,f,f
,凞,8444,51DE,,x,d,o,o
,凟,8445,51DF,,d,d,t,t
,几,BCB8,51E0,,j,f,,
,凡,B7B2,51E1,,f,f,d,d
,凢,8446,51E2,,f,p,z,z
,凣,8447,51E3,,f,o,z,z
,凤,B7EF,51E4,,f,f,u,u
,凥,8448,51E5,,j,s,f,f
,処,8449,51E6,,c,u,f,f
,凧,844A,51E7,,z,f,j,j
,凨,844B,51E8,,f,f,h,h
,凩,844C,51E9,,m,f,m,m
,凪,844D,51EA,,z,f,i,i
,凫,D9EC,51EB,,f,n,f,f
,凬,844E,51EC,,f,f,h,h
,凭,C6BE,51ED,,p,r,p,p
,凮,844F,51EE,,f,f,h,h
,凯,BFAD,51EF,,k,s,e,e
,凰,BBCB,51F0,,h,f,r,r
,凱,8450,51F1,,k,s,h,h
,凲,8451,51F2,,g,f,v,v
,凳,B5CA,51F3,,d,a,p,p
,凴,8452,51F4,,p,d,m,m
,凵,DBC9,51F5,,k,s,,
,凵,DBC9,51F5,,q,s,,
,凶,D0D7,51F6,,x,v,s,s
,凷,8453,51F7,,k,t,s,s
,凸,CDB9,51F8,,t,i,l,l
,凹,B0BC,51F9,,a,l,l,l
,凹,B0BC,51F9,,w,l,l,l
,出,B3F6,51FA,,c,s,s,s
,击,BBF7,51FB,,j,h,s,s
,凼,DBCA,51FC,,d,s,s,s
,函,BAAF,51FD,,h,l,s,s
,凾,8454,51FE,,h,l,k,k
,凿,D4E4,51FF,,z,i,v,v
,刀,B5B6,5200,,d,d,,
,刁,B5F3,5201,,d,w,,
,刂,D8D6,5202,,d,d,,
,刃,C8D0,5203,,r,d,d,d
,刄,8455,5204,,r,d,d,d
,刅,8456,5205,,c,d,d,d
,分,B7D6,5206,,f,v,d,d
,切,C7D0,5207,,q,w,d,d
,刈,D8D7,5208,,y,v,d,d
,刉,8457,5209,,j,o,d,d
,刊,BFAF,520A,,k,h,d,d
,刋,8458,520B,,q,o,d,d
,刌,8459,520C,,c,c,d,d
,刍,DBBB,520D,,c,f,w,w
,刎,D8D8,520E,,w,f,p,p
,刏,845A,520F,,j,o,w,w
,刐,845B,5210,,d,f,a,a
,刑,D0CC,5211,,x,h,o,o
,划,BBAE,5212,,h,w,v,v
,刓,845C,5213,,w,h,f,f
,刔,845D,5214,,j,z,r,r
,刕,845E,5215,,l,d,d,d
,刖,EBBE,5216,,y,y,d,d
,列,C1D0,5217,,l,o,a,a
,刘,C1F5,5218,,l,a,v,v
,则,D4F2,5219,,z,b,d,d
,刚,B8D5,521A,,g,l,v,v
,创,B4B4,521B,,c,r,e,e
,刜,845F,521C,,f,e,f,f
,初,B3F5,521D,,c,y,d,d
